Power,GrowthRate
8,5000.000097614214
8,5012.664928120396
8,5018.486875119045
8,5000.003111138569
10,5050.553023866357
10,5051.092496515964
10,5051.348757454459
10,5080.248274886703
12,5106.268943362175
12,5101.476174154555
12,5106.5133954428
12,5107.977619855648
14,5150.872441884935
14,5152.5301643737985
14,5159.038555533944
14,5150.521528336674
