RunID,Power,GrowthRate
1,8,5002.320018867758
2,8,5003.601456906932
3,8,5001.024674720713
4,8,5001.576369662617
1,10,5070.505941167856
2,10,5053.803062271758
3,10,5050.10279170025
4,10,5050.176954318491
1,12,5110.123564350425
2,12,5100.022293926018
3,12,5108.673395231095
4,12,5100.200780331858
1,14,5163.853636749041
2,14,5153.563206957251
3,14,5175.444188028108
4,14,5153.171650388651
